id_image,id_penginapan,url_image
1,1,https://storage.googleapis.com/tenan-bucket/hotel_images/The%20Sultan%20Hotel%20Jakarta.jpg
2,2,https://storage.googleapis.com/tenan-bucket/hotel_images/Aryaduta%20Suite%20Semanggi.jpg
3,3,https://storage.googleapis.com/tenan-bucket/hotel_images/Aloft%20South%20Jakarta.jpg
4,4,https://storage.googleapis.com/tenan-bucket/hotel_images/The%20Langham%2C%20Jakarta.jpg
5,5,https://storage.googleapis.com/tenan-bucket/hotel_images/Hotel%20Mulia%20Senayan%2C%20Jakarta.jpg
6,6,https://storage.googleapis.com/tenan-bucket/hotel_images/ASTON%20Priority%20Simatupang%20%26%20Conference%20Center.jpg
7,7,https://storage.googleapis.com/tenan-bucket/hotel_images/Merlynn%20Park%20Hotel.jpg
8,8,https://storage.googleapis.com/tenan-bucket/hotel_images/Ascott%20Sudirman%20Jakarta.jpg
9,9,https://storage.googleapis.com/tenan-bucket/hotel_images/The%20Hermitage%2C%20a%20Tribute%20Portfolio%20Hotel%2C%20Jakarta.jpg
10,10,https://storage.googleapis.com/tenan-bucket/hotel_images/Mercure%20Convention%20Center%20Ancol%20-%20CHSE%20Certified.jpg
11,11,https://storage.googleapis.com/tenan-bucket/hotel_images/Hotel%20Borobudur%20Jakarta.jpg
12,12,https://storage.googleapis.com/tenan-bucket/hotel_images/Discovery%20Ancol.jpg
13,13,https://storage.googleapis.com/tenan-bucket/hotel_images/Yuan%20Garden%20Pasar%20Baru.jpg
14,14,https://storage.googleapis.com/tenan-bucket/hotel_images/Menara%20Peninsula%20Hotel%20Jakarta.jpg
15,15,https://storage.googleapis.com/tenan-bucket/hotel_images/The%20Ritz-Carlton%20Jakarta%2C%20Pacific%20Place%20Hotel.jpg
16,16,https://storage.googleapis.com/tenan-bucket/hotel_images/Grand%20Hyatt%20Jakarta.jpg
17,17,https://storage.googleapis.com/tenan-bucket/hotel_images/Century%20Park%20Hotel.jpg
18,18,https://storage.googleapis.com/tenan-bucket/hotel_images/Best%20Western%20Premier%20The%20Hive.jpg
19,19,https://storage.googleapis.com/tenan-bucket/hotel_images/Hotel%20Ciputra%20Jakarta%20managed%20by%20Swiss-Belhotel%20International.jpg
20,20,https://storage.googleapis.com/tenan-bucket/hotel_images/DoubleTree%20by%20Hilton%20Jakarta%20-%20Diponegoro.jpg
21,21,https://storage.googleapis.com/tenan-bucket/hotel_images/Sheraton%20Grand%20Jakarta%20Gandaria%20City%20Hotel.jpg
22,22,https://storage.googleapis.com/tenan-bucket/hotel_images/Millennium%20Hotel%20Sirih%20Jakarta.jpg
23,23,https://storage.googleapis.com/tenan-bucket/hotel_images/Teraskita%20Hotel%20Jakarta%20managed%20by%20Dafam.jpg
24,24,https://storage.googleapis.com/tenan-bucket/hotel_images/Lumire%20Hotel%20%26%20Convention%20Center.jpg
25,25,https://storage.googleapis.com/tenan-bucket/hotel_images/Royal%20Kuningan%20Hotel.jpg
26,26,https://storage.googleapis.com/tenan-bucket/hotel_images/Pullman%20Jakarta%20Central%20Park.jpg
27,27,https://storage.googleapis.com/tenan-bucket/hotel_images/Manhattan%20Hotel%20Jakarta.jpg
28,28,https://storage.googleapis.com/tenan-bucket/hotel_images/Swiss-Belinn%20Simatupang%20Jakarta.jpg
29,29,https://storage.googleapis.com/tenan-bucket/hotel_images/InterContinental%20Hotels%20JAKARTA%20PONDOK%20INDAH.jpg
30,30,https://storage.googleapis.com/tenan-bucket/hotel_images/Grand%20Tropic%20Suites%20Hotel.jpg
31,31,https://storage.googleapis.com/tenan-bucket/hotel_images/Le%20Meridien%20Jakarta.jpg
32,32,https://storage.googleapis.com/tenan-bucket/hotel_images/Gran%20Melia%20Jakarta.jpg
33,33,https://storage.googleapis.com/tenan-bucket/hotel_images/Swiss-Belhotel%20Pondok%20Indah.jpg
34,34,https://storage.googleapis.com/tenan-bucket/hotel_images/Holiday%20Inn%20Express%20JAKARTA%20PLUIT%20CITYGATE.jpg
35,35,https://storage.googleapis.com/tenan-bucket/hotel_images/Hotel%20Santika%20Premiere%20Slipi%20Jakarta.jpg
36,36,https://storage.googleapis.com/tenan-bucket/hotel_images/Fairmont%20Jakarta.jpg
37,37,https://storage.googleapis.com/tenan-bucket/hotel_images/Redtop%20Hotel%20%26%20Convention%20Center.jpg
38,38,https://storage.googleapis.com/tenan-bucket/hotel_images/Grand%20Whiz%20Poins%20Simatupang%20Jakarta.jpg
39,39,https://storage.googleapis.com/tenan-bucket/hotel_images/Ambhara%20Hotel.jpg
40,40,https://storage.googleapis.com/tenan-bucket/hotel_images/ASTON%20Pluit%20Hotel%20%26%20Residence.jpg
41,41,https://storage.googleapis.com/tenan-bucket/hotel_images/Hotel%20Gren%20Alia%20Jakarta.jpg
42,42,https://storage.googleapis.com/tenan-bucket/hotel_images/Holiday%20Inn%20Express%20JAKARTA%20WAHID%20HASYIM.jpg
43,43,https://storage.googleapis.com/tenan-bucket/hotel_images/ibis%20Styles%20Jakarta%20Airport.jpg
44,44,https://storage.googleapis.com/tenan-bucket/hotel_images/Sentral%20Cawang%20Hotel.jpg
45,45,https://storage.googleapis.com/tenan-bucket/hotel_images/Harris%20Vertu%20Hotel%20Harmoni.jpg
46,46,https://storage.googleapis.com/tenan-bucket/hotel_images/Grand%20Dafam%20Ancol%20Jakarta.jpg
47,47,https://storage.googleapis.com/tenan-bucket/hotel_images/Harris%20Tebet%20Jakarta.jpg
48,48,https://storage.googleapis.com/tenan-bucket/hotel_images/Swiss-Belresidences%20Kalibata.jpg
49,49,https://storage.googleapis.com/tenan-bucket/hotel_images/Grand%20Mercure%20Jakarta%20Kemayoran.jpg
50,50,https://storage.googleapis.com/tenan-bucket/hotel_images/The%20Ritz-Carlton%20Jakarta%2C%20Mega%20Kuningan.jpg
51,51,https://storage.googleapis.com/tenan-bucket/hotel_images/ASTON%20Kartika%20Grogol%20Hotel%20%26%20Conference%20Center.jpg
52,52,https://storage.googleapis.com/tenan-bucket/hotel_images/Swiss-Belhotel%20Airport%20Jakarta.jpg
53,53,https://storage.googleapis.com/tenan-bucket/hotel_images/Hotel%20Dharmein.jpg
54,54,https://storage.googleapis.com/tenan-bucket/hotel_images/Swiss-Belinn%20Wahid%20Hasyim.jpg
55,55,https://storage.googleapis.com/tenan-bucket/hotel_images/Ra%20Suites%20Simatupang.jpg
56,56,https://storage.googleapis.com/tenan-bucket/hotel_images/Shangri-La%20Jakarta.jpg
57,57,https://storage.googleapis.com/tenan-bucket/hotel_images/Grand%20Mercure%20Jakarta%20Harmoni.jpg
58,58,https://storage.googleapis.com/tenan-bucket/hotel_images/eL%20Hotel%20Royale%20Bandung.jpg
59,59,https://storage.googleapis.com/tenan-bucket/hotel_images/Grand%20Tjokro%20Premiere%20Bandung.jpg
60,60,https://storage.googleapis.com/tenan-bucket/hotel_images/Four%20Points%20by%20Sheraton%20Bandung.jpg
61,61,https://storage.googleapis.com/tenan-bucket/hotel_images/Aryaduta%20Bandung.jpg
62,62,https://storage.googleapis.com/tenan-bucket/hotel_images/Hilton%20Bandung.jpg
63,63,https://storage.googleapis.com/tenan-bucket/hotel_images/InterContinental%20Hotels%20BANDUNG%20DAGO%20PAKAR.jpg
64,64,https://storage.googleapis.com/tenan-bucket/hotel_images/Clove%20Garden%20Hotel%20%26%20Residence.jpg
65,65,https://storage.googleapis.com/tenan-bucket/hotel_images/Moxy%20Bandung.jpg
66,66,https://storage.googleapis.com/tenan-bucket/hotel_images/ibis%20Bandung%20Trans%20Studio.jpg
67,67,https://storage.googleapis.com/tenan-bucket/hotel_images/Apartment%20Gateway%20Cicadas%20by%20GPro.jpg
68,68,https://storage.googleapis.com/tenan-bucket/hotel_images/Holiday%20Inn%20BANDUNG%20PASTEUR.jpg
69,69,https://storage.googleapis.com/tenan-bucket/hotel_images/Kytos%20Hotel.jpg
70,70,https://storage.googleapis.com/tenan-bucket/hotel_images/Crowne%20Plaza%20BANDUNG.jpg
71,71,https://storage.googleapis.com/tenan-bucket/hotel_images/Apartmen%20The%20Suite%20Metro%20By%20Faris%20Bunbun.jpg
72,72,https://storage.googleapis.com/tenan-bucket/hotel_images/The%20Papandayan.jpg
73,73,https://storage.googleapis.com/tenan-bucket/hotel_images/THE%201O1%20Bandung%20Dago.jpg
74,74,https://storage.googleapis.com/tenan-bucket/hotel_images/GH%20Universal%20Hotel.jpg
75,75,https://storage.googleapis.com/tenan-bucket/hotel_images/The%20Suites%20Metro%20by%20Desta%20Faris.jpg
76,76,https://storage.googleapis.com/tenan-bucket/hotel_images/Sheraton%20Bandung%20Hotel%20%26%20Towers.jpg
77,77,https://storage.googleapis.com/tenan-bucket/hotel_images/Jan%C3%A9valla%20Bandung.jpg
78,78,https://storage.googleapis.com/tenan-bucket/hotel_images/Grand%20Hotel%20Preanger.jpg
79,79,https://storage.googleapis.com/tenan-bucket/hotel_images/Shakti%20Hotel%20Bandung.jpg
80,80,https://storage.googleapis.com/tenan-bucket/hotel_images/The%20Luxton%20Bandung.jpg
81,81,https://storage.googleapis.com/tenan-bucket/hotel_images/Maison%20Teraskita%20Bandung.jpg
82,82,https://storage.googleapis.com/tenan-bucket/hotel_images/Serela%20Riau%20by%20KAGUM%20Hotels.jpg
83,83,https://storage.googleapis.com/tenan-bucket/hotel_images/Harris%20Hotel%20%26%20Conventions%20Festival%20Citilink%20Bandung.jpg
84,84,https://storage.googleapis.com/tenan-bucket/hotel_images/Horison%20Ultima%20Bandung.jpg
85,85,https://storage.googleapis.com/tenan-bucket/hotel_images/Atlantic%20City.jpg
86,86,https://storage.googleapis.com/tenan-bucket/hotel_images/Nine%20Inn%20by%20Edotel%20Dbest.jpg
87,87,https://storage.googleapis.com/tenan-bucket/hotel_images/Grand%20Serela%20Setiabudhi%20by%20KAGUM%20Hotels.jpg
88,88,https://storage.googleapis.com/tenan-bucket/hotel_images/Courtyard%20by%20Marriott%20Bandung%20Dago%2C%20CHSE%20Certified.jpg
89,89,https://storage.googleapis.com/tenan-bucket/hotel_images/Serela%20Merdeka%20by%20KAGUM%20Hotels.jpg
90,90,https://storage.googleapis.com/tenan-bucket/hotel_images/Amaroossa%20Bandung.jpg
91,91,https://storage.googleapis.com/tenan-bucket/hotel_images/Banana%20Inn%20by%20KAGUM%20Hotels.jpg
92,92,https://storage.googleapis.com/tenan-bucket/hotel_images/POP%21%20Hotel%20Festival%20Citylink%20-%20Bandung.jpg
93,93,https://storage.googleapis.com/tenan-bucket/hotel_images/Sensa%20Hotel%20Bandung.jpg
94,94,https://storage.googleapis.com/tenan-bucket/hotel_images/ibis%20Bandung%20Pasteur.jpg
95,95,https://storage.googleapis.com/tenan-bucket/hotel_images/Mercure%20Bandung%20City%20Centre.jpg
96,96,https://storage.googleapis.com/tenan-bucket/hotel_images/Grand%20Sunshine%20Resort%20and%20Convention.jpg
97,97,https://storage.googleapis.com/tenan-bucket/hotel_images/Serela%20Waringin%20by%20KAGUM%20Hotels.jpg
98,98,https://storage.googleapis.com/tenan-bucket/hotel_images/Sukajadi%20Hotel%2C%20Convention%20and%20Gallery.jpg
99,99,https://storage.googleapis.com/tenan-bucket/hotel_images/De%20Paviljoen%20Bandung.jpg
100,100,https://storage.googleapis.com/tenan-bucket/hotel_images/Cinnamon%20Hotel%20Boutique%20Syariah.jpg
101,101,https://storage.googleapis.com/tenan-bucket/hotel_images/Zest%20Hotel%20Sukajadi%20Bandung.jpg
102,102,https://storage.googleapis.com/tenan-bucket/hotel_images/Hotel%2088%20Bandung%20Kopo.jpg
103,103,https://storage.googleapis.com/tenan-bucket/hotel_images/Sari%20Ater%20Kamboti%20Hotel%20Bandung.jpg
104,104,https://storage.googleapis.com/tenan-bucket/hotel_images/Kedaton%20Hotel.jpg
105,105,https://storage.googleapis.com/tenan-bucket/hotel_images/Hemangini%20Hotel%20Bandung.jpg
106,106,https://storage.googleapis.com/tenan-bucket/hotel_images/Cambridge%20Hotel%20Medan.jpg
107,107,https://storage.googleapis.com/tenan-bucket/hotel_images/JW%20Marriott%20Hotel%20Medan.jpg
108,108,https://storage.googleapis.com/tenan-bucket/hotel_images/Horison%20Sky%20Kualanamu.jpg
109,109,https://storage.googleapis.com/tenan-bucket/hotel_images/Hotel%20Anaya.jpg
110,110,https://storage.googleapis.com/tenan-bucket/hotel_images/Prime%20Plaza%20Hotel%20Kualanamu.jpg
111,111,https://storage.googleapis.com/tenan-bucket/hotel_images/Cordex%20Hotel%20Medan.jpg
112,112,https://storage.googleapis.com/tenan-bucket/hotel_images/Miyanna%20Hotel.jpg
113,113,https://storage.googleapis.com/tenan-bucket/hotel_images/SELECTA%20HOTEL.jpg
114,114,https://storage.googleapis.com/tenan-bucket/hotel_images/OYO%202361%20Hotel%20Winston.jpg
115,115,https://storage.googleapis.com/tenan-bucket/hotel_images/Grand%20Kanaya%20Hotel.jpg
116,116,https://storage.googleapis.com/tenan-bucket/hotel_images/CREW%20EXPRESS%20Hotel.jpg
117,117,https://storage.googleapis.com/tenan-bucket/hotel_images/Hotel%20Antares.jpg
118,118,https://storage.googleapis.com/tenan-bucket/hotel_images/Swasana%20Hotel%20Medan.jpg
119,119,https://storage.googleapis.com/tenan-bucket/hotel_images/Cordela%20Inn%20Millenium%20Medan.jpg
120,120,https://storage.googleapis.com/tenan-bucket/hotel_images/Alpha%20Inn%20Medan.jpg
121,121,https://storage.googleapis.com/tenan-bucket/hotel_images/Cordela%20Hotel%20Medan.jpg
122,122,https://storage.googleapis.com/tenan-bucket/hotel_images/Pardede%20International%20Hotel%20Medan.jpg
123,123,https://storage.googleapis.com/tenan-bucket/hotel_images/Wisma%20Sederhana%20Budget%20Hotel.jpg
124,124,https://storage.googleapis.com/tenan-bucket/hotel_images/Hotel%20Menara%20Lexus.jpg
125,125,https://storage.googleapis.com/tenan-bucket/hotel_images/NIVIA%20HOTEL.jpg
126,126,https://storage.googleapis.com/tenan-bucket/hotel_images/Lively%20Hotel%20Kualanamu%20Airport%20Medan.jpg
127,127,https://storage.googleapis.com/tenan-bucket/hotel_images/OYO%202345%20Homestay%20Jaya.jpg
128,128,https://storage.googleapis.com/tenan-bucket/hotel_images/Hotel%20Aero.jpg
129,129,https://storage.googleapis.com/tenan-bucket/hotel_images/OYO%2090565%20Wesly%20House.jpg
130,130,https://storage.googleapis.com/tenan-bucket/hotel_images/Amaliun%20Hotel.jpg
131,131,https://storage.googleapis.com/tenan-bucket/hotel_images/Odua%20Golden%20Mansyur%20Medan.jpg
132,132,https://storage.googleapis.com/tenan-bucket/hotel_images/OYO%2090457%20Anara%20Residence%20%26%20Guest%20House.jpg
133,133,https://storage.googleapis.com/tenan-bucket/hotel_images/OYO%201457%20Tmj%20Guest%20House.jpg
134,134,https://storage.googleapis.com/tenan-bucket/hotel_images/Putra%20Mulia%20Hotel.jpg
135,135,https://storage.googleapis.com/tenan-bucket/hotel_images/Alam%20Hotel%20by%20Cordela.jpg
136,136,https://storage.googleapis.com/tenan-bucket/hotel_images/OYO%202574%20Z%20Suites%20Hotel.jpg
137,137,https://storage.googleapis.com/tenan-bucket/hotel_images/OYO%20456%20Aljadid%20Guest%20House%20Syariah.jpg
138,138,https://storage.googleapis.com/tenan-bucket/hotel_images/Kanasha%20Hotel.jpg
139,139,https://storage.googleapis.com/tenan-bucket/hotel_images/OYO%201400%20Barat%20Residence%20Syariah.jpg
140,140,https://storage.googleapis.com/tenan-bucket/hotel_images/OYO%2090447%20Kardopa%20Hotel%20Megapark.jpg
141,141,https://storage.googleapis.com/tenan-bucket/hotel_images/Huber%20Apartment.jpg
142,142,https://storage.googleapis.com/tenan-bucket/hotel_images/My%20Studio%20Hotel%20Kualanamu%20Airport%20Medan.jpg
143,143,https://storage.googleapis.com/tenan-bucket/hotel_images/OYO%201183%20Papakoel.jpg
144,144,https://storage.googleapis.com/tenan-bucket/hotel_images/Vivo%20Stay.jpg
145,145,https://storage.googleapis.com/tenan-bucket/hotel_images/OYO%20359%20Executive%20Inn.jpg
146,146,https://storage.googleapis.com/tenan-bucket/hotel_images/Adi%20Pelita%20Sari.jpg
147,147,https://storage.googleapis.com/tenan-bucket/hotel_images/Hermes%20Palace%20by%20BENCOOLEN.jpg
148,148,https://storage.googleapis.com/tenan-bucket/hotel_images/Hip%20Hope%20Hotel.jpg
149,149,https://storage.googleapis.com/tenan-bucket/hotel_images/Kyriad%20Hotel%20Muraya%20Aceh.jpg
150,150,https://storage.googleapis.com/tenan-bucket/hotel_images/The%20Pade%20Hotel.jpg
151,151,https://storage.googleapis.com/tenan-bucket/hotel_images/Hotel%20Medan%20Banda%20Aceh.jpg
152,152,https://storage.googleapis.com/tenan-bucket/hotel_images/Grand%20Arabia%20Hotel.jpg
153,153,https://storage.googleapis.com/tenan-bucket/hotel_images/Plum%20Hotel%20Lading%20Banda%20Aceh.jpg
154,154,https://storage.googleapis.com/tenan-bucket/hotel_images/SPOT%20ON%202134%20Seunia%20Hotel.jpg
155,155,https://storage.googleapis.com/tenan-bucket/hotel_images/Hotel%20Rasamala.jpg
156,156,https://storage.googleapis.com/tenan-bucket/hotel_images/Hotel%20Amel%20%26%20Convention%20Hall.jpg
157,157,https://storage.googleapis.com/tenan-bucket/hotel_images/OYO%20854%20Ub%20Caisar%20Hotel.jpg
158,158,https://storage.googleapis.com/tenan-bucket/hotel_images/Hotel%20Mekkah.jpg
159,159,https://storage.googleapis.com/tenan-bucket/hotel_images/Kumala%20Hotel%20Banda%20Aceh.jpg
160,160,https://storage.googleapis.com/tenan-bucket/hotel_images/Grand%20Nanggroe%20Hotel.jpg
161,161,https://storage.googleapis.com/tenan-bucket/hotel_images/Seventeen%20Hotel.jpg
162,162,https://storage.googleapis.com/tenan-bucket/hotel_images/Hotel%2061%20Banda%20Aceh.jpg
163,163,https://storage.googleapis.com/tenan-bucket/hotel_images/Mita%20Mulia%20Hotel.jpg
164,164,https://storage.googleapis.com/tenan-bucket/hotel_images/Oasis%20Atjeh%20Hotel.jpg
165,165,https://storage.googleapis.com/tenan-bucket/hotel_images/Al-Hanifi%20Hotel.jpg
166,166,https://storage.googleapis.com/tenan-bucket/hotel_images/Capital%20O%202018%20Ring%20Road%20Guest%20House%20Syariah.jpg
167,167,https://storage.googleapis.com/tenan-bucket/hotel_images/My%20Home%20Aceh.jpg
168,168,https://storage.googleapis.com/tenan-bucket/hotel_images/Capital%20O%201630%20Hotel%20Syariah%20Ring%20Road.jpg
169,169,https://storage.googleapis.com/tenan-bucket/hotel_images/Hotel%20Madinah.jpg
170,170,https://storage.googleapis.com/tenan-bucket/hotel_images/Hozby%20Family%20Suites.jpg
171,171,https://storage.googleapis.com/tenan-bucket/hotel_images/The%20ZHM%20Premiere%20Padang.jpg
172,172,https://storage.googleapis.com/tenan-bucket/hotel_images/Truntum%20Padang%20Hotel.jpg
173,173,https://storage.googleapis.com/tenan-bucket/hotel_images/ibis%20Padang%20Hotel.jpg
174,174,https://storage.googleapis.com/tenan-bucket/hotel_images/Rocky%20Plaza%20Hotel%20Padang.jpg
175,175,https://storage.googleapis.com/tenan-bucket/hotel_images/Pangeran%20Beach%20Hotel.jpg
176,176,https://storage.googleapis.com/tenan-bucket/hotel_images/Mercure%20Padang.jpg
177,177,https://storage.googleapis.com/tenan-bucket/hotel_images/Ocean%20Beach%20Hotel.jpg
178,178,https://storage.googleapis.com/tenan-bucket/hotel_images/Kyriad%20Bumiminang%20Hotel%20Padang.jpg
179,179,https://storage.googleapis.com/tenan-bucket/hotel_images/The%20Axana%20Hotel.jpg
180,180,https://storage.googleapis.com/tenan-bucket/hotel_images/favehotel%20Olo%20Padang.jpg
181,181,https://storage.googleapis.com/tenan-bucket/hotel_images/Deivan%20Hotel.jpg
182,182,https://storage.googleapis.com/tenan-bucket/hotel_images/Imelda%20Hotel%20-%20Water%20Park%20-%20Convention.jpg
183,183,https://storage.googleapis.com/tenan-bucket/hotel_images/Nagari%20Koto%20Gadang.jpg
184,184,https://storage.googleapis.com/tenan-bucket/hotel_images/New%20d%27Dhave%20Hotel.jpg
185,185,https://storage.googleapis.com/tenan-bucket/hotel_images/OYO%203305%20Bumi%20Siliwangi%20Residence.jpg
186,186,https://storage.googleapis.com/tenan-bucket/hotel_images/Fazarel%20Residence%20Syariah.jpg
187,187,https://storage.googleapis.com/tenan-bucket/hotel_images/d%27Dhave%20hotel.jpg
188,188,https://storage.googleapis.com/tenan-bucket/hotel_images/TANAHOTEL%20PADANG.jpg
189,189,https://storage.googleapis.com/tenan-bucket/hotel_images/Kinol%20Homestay.jpg
190,190,https://storage.googleapis.com/tenan-bucket/hotel_images/OYO%201673%20M%20Authentic%20Kost%20Man.jpg
191,191,https://storage.googleapis.com/tenan-bucket/hotel_images/OYO%2091675%20Utama%20Residence.jpg
192,192,https://storage.googleapis.com/tenan-bucket/hotel_images/Kelapa%20Gading%20Guesthouse%20II.jpg
193,193,https://storage.googleapis.com/tenan-bucket/hotel_images/Jesnic%20Hotel.jpg
194,194,https://storage.googleapis.com/tenan-bucket/hotel_images/TEE%20HOTEL.jpg
195,195,https://storage.googleapis.com/tenan-bucket/hotel_images/Wisma%20Ayank.jpg
196,196,https://storage.googleapis.com/tenan-bucket/hotel_images/Wisma%20Tatar%20Pasundan.jpg
197,197,https://storage.googleapis.com/tenan-bucket/hotel_images/HOTEL%20RUMAH%20RB.jpg
198,198,https://storage.googleapis.com/tenan-bucket/hotel_images/Hotel%20Bintang%20Padang.jpg
199,199,https://storage.googleapis.com/tenan-bucket/hotel_images/Lestari%20Guesthouse.jpg
200,200,https://storage.googleapis.com/tenan-bucket/hotel_images/Wisma%20Rumah%20KIta.jpg
201,201,https://storage.googleapis.com/tenan-bucket/hotel_images/Rumah%20Tamu%20Agung.jpg
202,202,https://storage.googleapis.com/tenan-bucket/hotel_images/Wyndham%20Opi%20Hotel%20Palembang.jpg
203,203,https://storage.googleapis.com/tenan-bucket/hotel_images/Beston%20Hotel%20Palembang%20%28FKA%20Horison%20Ultima%20Palembang%29.jpg
204,204,https://storage.googleapis.com/tenan-bucket/hotel_images/The%20Alts%20Hotel.jpg
205,205,https://storage.googleapis.com/tenan-bucket/hotel_images/ASTON%20Palembang%20Hotel%20%26%20Conference%20Center.jpg
206,206,https://storage.googleapis.com/tenan-bucket/hotel_images/All%20Nite%20%26%20Day%20Palembang%20-%20Veteran.jpg
207,207,https://storage.googleapis.com/tenan-bucket/hotel_images/MaxOneHotels.com%20%40%20Vivo%20Palembang.jpg
208,208,https://storage.googleapis.com/tenan-bucket/hotel_images/The%20Zuri%20Palembang.jpg
209,209,https://storage.googleapis.com/tenan-bucket/hotel_images/Rio%20City%20Hotel.jpg
210,210,https://storage.googleapis.com/tenan-bucket/hotel_images/BATIQA%20Hotel%20Palembang.jpg
211,211,https://storage.googleapis.com/tenan-bucket/hotel_images/favehotel%20Palembang.jpg
212,212,https://storage.googleapis.com/tenan-bucket/hotel_images/Harper%20Palembang%20by%20ASTON.jpg
213,213,https://storage.googleapis.com/tenan-bucket/hotel_images/Hotel%20Santika%20Radial%20Palembang.jpg
214,214,https://storage.googleapis.com/tenan-bucket/hotel_images/The%20Excelton%20Hotel.jpg
215,215,https://storage.googleapis.com/tenan-bucket/hotel_images/Algoritma%20Hotel%20Palembang.jpg
216,216,https://storage.googleapis.com/tenan-bucket/hotel_images/The%201O1%20Palembang%20Rajawali.jpg
217,217,https://storage.googleapis.com/tenan-bucket/hotel_images/Ayola%20Sentosa%20Palembang.jpg
218,218,https://storage.googleapis.com/tenan-bucket/hotel_images/Emilia%20Hotel%20By%20Amazing%20-%20Palembang.jpg
219,219,https://storage.googleapis.com/tenan-bucket/hotel_images/Luminor%20Hotel%20Palembang.jpg
220,220,https://storage.googleapis.com/tenan-bucket/hotel_images/Opa%20Hotel%20Palembang.jpg
221,221,https://storage.googleapis.com/tenan-bucket/hotel_images/Rid%27s%20Hotel%20Palembang.jpg
222,222,https://storage.googleapis.com/tenan-bucket/hotel_images/Cordela%20Inn%20R.%20Sukamto%20Palembang.jpg
223,223,https://storage.googleapis.com/tenan-bucket/hotel_images/Sintesa%20Peninsula%20Hotel%20Palembang.jpg
224,224,https://storage.googleapis.com/tenan-bucket/hotel_images/Hotel%20Harvani.jpg
225,225,https://storage.googleapis.com/tenan-bucket/hotel_images/Barong%20Hotel.jpg
226,226,https://storage.googleapis.com/tenan-bucket/hotel_images/OYO%20142%20Hotel%20Al%20Furqon%20Syariah.jpg
227,227,https://storage.googleapis.com/tenan-bucket/hotel_images/The%20Emerald%20Inn.jpg
228,228,https://storage.googleapis.com/tenan-bucket/hotel_images/Denata%20B%26B.jpg
229,229,https://storage.googleapis.com/tenan-bucket/hotel_images/Cemerlang%20Inn.jpg
230,230,https://storage.googleapis.com/tenan-bucket/hotel_images/Alpha%20Family%20Kostel.jpg
231,231,https://storage.googleapis.com/tenan-bucket/hotel_images/Homestay%2082%20Syariah%20Palembang.jpg
232,232,https://storage.googleapis.com/tenan-bucket/hotel_images/U_xpress%20Hotel.jpg
233,233,https://storage.googleapis.com/tenan-bucket/hotel_images/Hotel%20Alam%20Sutra.jpg
234,234,https://storage.googleapis.com/tenan-bucket/hotel_images/OYO%203431%20Alpha%20Hotel%20Syariah.jpg
235,235,https://storage.googleapis.com/tenan-bucket/hotel_images/Circle%20One.jpg
236,236,https://storage.googleapis.com/tenan-bucket/hotel_images/Desilva%20Bandara.jpg
237,237,https://storage.googleapis.com/tenan-bucket/hotel_images/OYO%201389%20Hotel%20Carissima.jpg
238,238,https://storage.googleapis.com/tenan-bucket/hotel_images/OYO%2090226%20Penginapan%20Sederhana%20Syariah.jpg
239,239,https://storage.googleapis.com/tenan-bucket/hotel_images/roriz%20house%20palembang.jpg
240,240,https://storage.googleapis.com/tenan-bucket/hotel_images/Wisma%20Cendana%20Syariah.jpg
241,241,https://storage.googleapis.com/tenan-bucket/hotel_images/Collection%20O%2090428%20Remington%20Hotel.jpg
242,242,https://storage.googleapis.com/tenan-bucket/hotel_images/D%27Paragon%20Dwikora.jpg
243,243,https://storage.googleapis.com/tenan-bucket/hotel_images/OYO%201868%20Penginapan%20Sekip.jpg
244,244,https://storage.googleapis.com/tenan-bucket/hotel_images/OYO%202177%20Trikora%20Indah%20Residence%20Palembang.jpg
245,245,https://storage.googleapis.com/tenan-bucket/hotel_images/OYO%2091680%20Hotel%20Mentari.jpg
246,246,https://storage.googleapis.com/tenan-bucket/hotel_images/Hotel%20Grand%20Putri%20Sriwijaya%20Syariah.jpg
247,247,https://storage.googleapis.com/tenan-bucket/hotel_images/D%27Paragon%20Trikora.jpg
248,248,https://storage.googleapis.com/tenan-bucket/hotel_images/OYO%2090412%20My%20Kost.jpg
249,249,https://storage.googleapis.com/tenan-bucket/hotel_images/Green%20Guesthouse.jpg
250,250,https://storage.googleapis.com/tenan-bucket/hotel_images/OYO%2091160%20Wisma%20Srijaya%20Syariah.jpg
251,251,https://storage.googleapis.com/tenan-bucket/hotel_images/OYO%2091805%20Hotel%20Wisma%20Bari.jpg
252,252,https://storage.googleapis.com/tenan-bucket/hotel_images/Lorin%20Sentul%20Hotel.jpg
253,253,https://storage.googleapis.com/tenan-bucket/hotel_images/ASTON%20Sentul%20Lake%20Resort%20%26%20Conference%20Center.jpg
254,254,https://storage.googleapis.com/tenan-bucket/hotel_images/Grand%20Savero%20Hotel%20Bogor.jpg
255,255,https://storage.googleapis.com/tenan-bucket/hotel_images/Horison%20Ultima%20Bhuvana%20Ciawi.jpg
256,256,https://storage.googleapis.com/tenan-bucket/hotel_images/ibis%20Styles%20Bogor%20Raya.jpg
257,257,https://storage.googleapis.com/tenan-bucket/hotel_images/Novotel%20Bogor%20Golf%20Resort%20%26%20Convention%20Center.jpg
258,258,https://storage.googleapis.com/tenan-bucket/hotel_images/R%20Hotel%20Rancamaya.jpg
259,259,https://storage.googleapis.com/tenan-bucket/hotel_images/Padjadjaran%20Suites%20Resort%20%26%20Convention%20Hotel.jpg
260,260,https://storage.googleapis.com/tenan-bucket/hotel_images/Savero%20Style%20Bogor.jpg
261,261,https://storage.googleapis.com/tenan-bucket/hotel_images/Arch%20Hotel%20Bogor.jpg
262,262,https://storage.googleapis.com/tenan-bucket/hotel_images/Green%20Forest%20Bogor.jpg
263,263,https://storage.googleapis.com/tenan-bucket/hotel_images/Padjadjaran%20Hotel.jpg
264,264,https://storage.googleapis.com/tenan-bucket/hotel_images/The%20Sahira%20Hotel%20%28%20Syariah%20Hotel%20%29.jpg
265,265,https://storage.googleapis.com/tenan-bucket/hotel_images/Citrus-house.jpg
266,266,https://storage.googleapis.com/tenan-bucket/hotel_images/Onih%20Hotel.jpg
267,267,https://storage.googleapis.com/tenan-bucket/hotel_images/New%20Green%20Sentul%20Resort%20%26%20Hotel.jpg
268,268,https://storage.googleapis.com/tenan-bucket/hotel_images/Sahira%20Butik%20Hotel%20Paledang.jpg
269,269,https://storage.googleapis.com/tenan-bucket/hotel_images/Rizen%20Padjadjaran%20Hotel.jpg
270,270,https://storage.googleapis.com/tenan-bucket/hotel_images/The%20Village%20Resort%20Bogor%20By%20Waringin%20Hospitality.jpg
271,271,https://storage.googleapis.com/tenan-bucket/hotel_images/Pelindo%20Residence%20%28Syariah%29.jpg
272,272,https://storage.googleapis.com/tenan-bucket/hotel_images/Light%20Box.jpg
273,273,https://storage.googleapis.com/tenan-bucket/hotel_images/Sahira%20Butik%20Pakuan%20%28Syariah%20Hotel%29.jpg
274,274,https://storage.googleapis.com/tenan-bucket/hotel_images/Sienna%20Residence.jpg
275,275,https://storage.googleapis.com/tenan-bucket/hotel_images/Residence%20Tanjung%20Pakuan.jpg
276,276,https://storage.googleapis.com/tenan-bucket/hotel_images/Po%20Hotel%20%28FKA%20Crowne%20Plaza%20Semarang%29.jpg
277,277,https://storage.googleapis.com/tenan-bucket/hotel_images/Gumaya%20Tower%20Hotel%20Semarang.jpg
278,278,https://storage.googleapis.com/tenan-bucket/hotel_images/Amanda%20Hills%20Bandungan.jpg
279,279,https://storage.googleapis.com/tenan-bucket/hotel_images/Hotel%20Ciputra%20Semarang%20managed%20by%20Swiss-Belhotel%20International.jpg
280,280,https://storage.googleapis.com/tenan-bucket/hotel_images/Whiz%20Hotel%20Pemuda%20Semarang.jpg
281,281,https://storage.googleapis.com/tenan-bucket/hotel_images/Grand%20Candi%20Hotel%20Semarang.jpg
282,282,https://storage.googleapis.com/tenan-bucket/hotel_images/HA-KA%20Simpang%20Lima%20Hotel%20Semarang.jpg
283,283,https://storage.googleapis.com/tenan-bucket/hotel_images/Horison%20Kota%20Lama%20Semarang.jpg
284,284,https://storage.googleapis.com/tenan-bucket/hotel_images/Golden%20City%20Hotel%20and%20Convention%20Center.jpg
285,285,https://storage.googleapis.com/tenan-bucket/hotel_images/The%20Azana%20Hotel%20Airport%20Semarang.jpg
286,286,https://storage.googleapis.com/tenan-bucket/hotel_images/Citrip%20Hotel%20Simpang%20Lima%20%28FKA%20CityOne%29.jpg
287,287,https://storage.googleapis.com/tenan-bucket/hotel_images/Hotel%20Citradream%20Semarang.jpg
288,288,https://storage.googleapis.com/tenan-bucket/hotel_images/Candiview%20Hotel%20Semarang.jpg
289,289,https://storage.googleapis.com/tenan-bucket/hotel_images/Hotel%20Dalu%20Semarang.jpg
290,290,https://storage.googleapis.com/tenan-bucket/hotel_images/Hotel%20Grasia.jpg
291,291,https://storage.googleapis.com/tenan-bucket/hotel_images/Hotel%20Pantes%20Candi%20Simpang%20Lima.jpg
292,292,https://storage.googleapis.com/tenan-bucket/hotel_images/Plaza%20Hotel%20Semarang.jpg
293,293,https://storage.googleapis.com/tenan-bucket/hotel_images/INNSIDE%20by%20Melia%20Yogyakarta.jpg
294,294,https://storage.googleapis.com/tenan-bucket/hotel_images/Melia%20Purosani%20Yogyakarta.jpg
295,295,https://storage.googleapis.com/tenan-bucket/hotel_images/The%20Alana%20Hotel%20%26%20Conference%20Center%20Malioboro%20Yogyakarta%20by%20ASTON.jpg
296,296,https://storage.googleapis.com/tenan-bucket/hotel_images/The%20Alana%20Yogyakarta%20Hotel%20%26%20Convention%20Center.jpg
297,297,https://storage.googleapis.com/tenan-bucket/hotel_images/Yogyakarta%20Marriott%20Hotel.jpg
298,298,https://storage.googleapis.com/tenan-bucket/hotel_images/Hyatt%20Regency%20Yogyakarta.jpg
299,299,https://storage.googleapis.com/tenan-bucket/hotel_images/Sheraton%20Mustika%20Yogyakarta%20Resort%20%26%20Spa.jpg
300,300,https://storage.googleapis.com/tenan-bucket/hotel_images/ARTOTEL%20Suites%20Bianti%20Yogyakarta.jpg
301,301,https://storage.googleapis.com/tenan-bucket/hotel_images/Royal%20Ambarrukmo%20Yogyakarta.jpg
302,302,https://storage.googleapis.com/tenan-bucket/hotel_images/Hotel%20Dafam%20Fortuna%20Seturan.jpg
303,303,https://storage.googleapis.com/tenan-bucket/hotel_images/eL%20Hotel%20Royale%20Yogyakarta%20Malioboro.jpg
304,304,https://storage.googleapis.com/tenan-bucket/hotel_images/Grand%20Mercure%20Yogyakarta%20Adi%20Sucipto.jpg
305,305,https://storage.googleapis.com/tenan-bucket/hotel_images/The%20Rich%20Jogja%20Hotel.jpg
306,306,https://storage.googleapis.com/tenan-bucket/hotel_images/Grand%20Diamond%20Hotel%20Yogyakarta.jpg
307,307,https://storage.googleapis.com/tenan-bucket/hotel_images/Malyabhara%20Hotel.jpg
308,308,https://storage.googleapis.com/tenan-bucket/hotel_images/Lafayette%20Boutique%20Hotel.jpg
309,309,https://storage.googleapis.com/tenan-bucket/hotel_images/Indoluxe%20Hotel%20Jogjakarta.jpg
310,310,https://storage.googleapis.com/tenan-bucket/hotel_images/Next%20Hotel%20Yogyakarta.jpg
311,311,https://storage.googleapis.com/tenan-bucket/hotel_images/favehotel%20Kusumanegara.jpg
312,312,https://storage.googleapis.com/tenan-bucket/hotel_images/Harper%20Malioboro%20Yogyakarta%20by%20ASTON.jpg
313,313,https://storage.googleapis.com/tenan-bucket/hotel_images/Prime%20Plaza%20Hotel%20Jogjakarta.jpg
314,314,https://storage.googleapis.com/tenan-bucket/hotel_images/Yellow%20Star%20Ambarukmo%20Hotel.jpg
315,315,https://storage.googleapis.com/tenan-bucket/hotel_images/Yellow%20Star%20Gejayan%20Hotel.jpg
316,316,https://storage.googleapis.com/tenan-bucket/hotel_images/The%20Jayakarta%20Yogyakarta%20Hotel%20%26%20Spa.jpg
317,317,https://storage.googleapis.com/tenan-bucket/hotel_images/Grand%20Kangen%20Hotel%20Urip%20Sumoharjo%20Yogyakarta.jpg
318,318,https://storage.googleapis.com/tenan-bucket/hotel_images/Patra%20Malioboro%20Hotel.jpg
319,319,https://storage.googleapis.com/tenan-bucket/hotel_images/Grand%20Keisha%20Yogyakarta.jpg
320,320,https://storage.googleapis.com/tenan-bucket/hotel_images/KJ%20Hotel%20Yogyakarta.jpg
321,321,https://storage.googleapis.com/tenan-bucket/hotel_images/Abadi%20Hotel%20Malioboro%20Yogyakarta%20by%20Tritama%20Hospitality.jpg
322,322,https://storage.googleapis.com/tenan-bucket/hotel_images/All%20Nite%20%26%20Day%20Hotel%20Yogyakarta%20-%20Gejayan.jpg
323,323,https://storage.googleapis.com/tenan-bucket/hotel_images/Grand%20Rohan%20Jogja.jpg
324,324,https://storage.googleapis.com/tenan-bucket/hotel_images/The%20Manohara%20Hotel%20Yogyakarta.jpg
325,325,https://storage.googleapis.com/tenan-bucket/hotel_images/ibis%20Yogyakarta%20Adi%20Sucipto.jpg
326,326,https://storage.googleapis.com/tenan-bucket/hotel_images/Sagan%20Heritage%20Hotel.jpg
327,327,https://storage.googleapis.com/tenan-bucket/hotel_images/Aveon%20Hotel%20Yogyakarta%20by%20Daphna%20International.jpg
328,328,https://storage.googleapis.com/tenan-bucket/hotel_images/h%20Boutique%20Hotel%20Jogjakarta.jpg
329,329,https://storage.googleapis.com/tenan-bucket/hotel_images/Grand%20Sarila%20Hotel%20Yogyakarta.jpg
330,330,https://storage.googleapis.com/tenan-bucket/hotel_images/Student%20Castle%20Apartment%20HD.jpg
331,331,https://storage.googleapis.com/tenan-bucket/hotel_images/Horison%20Lynn%20Yogyakarta.jpg
332,332,https://storage.googleapis.com/tenan-bucket/hotel_images/D%27Salvatore%20Art%20%26%20Boutique%20Hotel.jpg
333,333,https://storage.googleapis.com/tenan-bucket/hotel_images/The%20Alana%20Hotel%20and%20Convention%20Center%20-%20Solo%20by%20ASTON.jpg
334,334,https://storage.googleapis.com/tenan-bucket/hotel_images/Swiss-Belhotel%20Solo.jpg
335,335,https://storage.googleapis.com/tenan-bucket/hotel_images/Syariah%20Hotel%20Solo.jpg
336,336,https://storage.googleapis.com/tenan-bucket/hotel_images/Grand%20Mercure%20Solo%20Baru.jpg
337,337,https://storage.googleapis.com/tenan-bucket/hotel_images/POP%21%20Hotel%20Solo.jpg
338,338,https://storage.googleapis.com/tenan-bucket/hotel_images/favehotel%20Solo%20Baru.jpg
339,339,https://storage.googleapis.com/tenan-bucket/hotel_images/favehotel%20Manahan%20-%20Solo.jpg
340,340,https://storage.googleapis.com/tenan-bucket/hotel_images/Al%20Azhar%20Azhima%20Hotel%20Resort%20%26%20Convention.jpg
341,341,https://storage.googleapis.com/tenan-bucket/hotel_images/MAHALAYA%20The%20Legacy%20Hotel.jpg
342,342,https://storage.googleapis.com/tenan-bucket/hotel_images/Grand%20Orchid%20Hotel%20Solo.jpg
343,343,https://storage.googleapis.com/tenan-bucket/hotel_images/LOA%20Living%20Solo%20Baru.jpg
344,344,https://storage.googleapis.com/tenan-bucket/hotel_images/The%20Amrani%20Syariah%20Hotel.jpg
345,345,https://storage.googleapis.com/tenan-bucket/hotel_images/Hotel%20Tosan%20Solo%20Baru.jpg
346,346,https://storage.googleapis.com/tenan-bucket/hotel_images/Twin%20Star%20Hotel%20Solo.jpg
347,347,https://storage.googleapis.com/tenan-bucket/hotel_images/Diamond%20Hotel.jpg
348,348,https://storage.googleapis.com/tenan-bucket/hotel_images/Fivecord%20Hotel%20Solo.jpg
349,349,https://storage.googleapis.com/tenan-bucket/hotel_images/The%20Margangsa%20Hotel.jpg
350,350,https://storage.googleapis.com/tenan-bucket/hotel_images/Indah%20Palace%20Solo.jpg
351,351,https://storage.googleapis.com/tenan-bucket/hotel_images/Front%20One%20Cabin%20Slamet%20Riyadi.jpg
352,352,https://storage.googleapis.com/tenan-bucket/hotel_images/Assalaam%20Syariah%20Hotel%20Solo.jpg
353,353,https://storage.googleapis.com/tenan-bucket/hotel_images/Hotel%20Bintang%20Solo.jpg
354,354,https://storage.googleapis.com/tenan-bucket/hotel_images/Hotel%20Sahid%20Jaya%20Solo.jpg
355,355,https://storage.googleapis.com/tenan-bucket/hotel_images/Malioboro%20Inn%20Solo.jpg
356,356,https://storage.googleapis.com/tenan-bucket/hotel_images/Griya%20Surya%20Solo%20Guesthouse.jpg
357,357,https://storage.googleapis.com/tenan-bucket/hotel_images/D%27paragon%20Kerten.jpg
358,358,https://storage.googleapis.com/tenan-bucket/hotel_images/Hotel%20Grand%20Setia%20Kawan.jpg
359,359,https://storage.googleapis.com/tenan-bucket/hotel_images/Luxury%20Inn%20Guest%20House.jpg
360,360,https://storage.googleapis.com/tenan-bucket/hotel_images/Griya%20Tenera%20Syariah.jpg
361,361,https://storage.googleapis.com/tenan-bucket/hotel_images/Tunjungan%20Hotel%20Surabaya.jpg
362,362,https://storage.googleapis.com/tenan-bucket/hotel_images/Grand%20Darmo%20Suite%20by%20AMITHYA.jpg
363,363,https://storage.googleapis.com/tenan-bucket/hotel_images/The%20Alana%20Surabaya.jpg
364,364,https://storage.googleapis.com/tenan-bucket/hotel_images/Four%20Points%20by%20Sheraton%20Surabaya.jpg
365,365,https://storage.googleapis.com/tenan-bucket/hotel_images/Midtown%20Residence%20Marvell%20City%20Surabaya.jpg
366,366,https://storage.googleapis.com/tenan-bucket/hotel_images/Vasa%20Hotel%20Surabaya.jpg
367,367,https://storage.googleapis.com/tenan-bucket/hotel_images/Sheraton%20Surabaya%20Hotel%20and%20Towers.jpg
368,368,https://storage.googleapis.com/tenan-bucket/hotel_images/Premier%20Place%20Surabaya%20Airport.jpg
369,369,https://storage.googleapis.com/tenan-bucket/hotel_images/Shangri-La%20Surabaya.jpg
370,370,https://storage.googleapis.com/tenan-bucket/hotel_images/Garden%20Palace%20Hotel%20Powered%20by%20Archipelago.jpg
371,371,https://storage.googleapis.com/tenan-bucket/hotel_images/HARRIS%20Hotel%20%26%20Conventions%20Gubeng.jpg
372,372,https://storage.googleapis.com/tenan-bucket/hotel_images/JW%20Marriott%20Hotel%20Surabaya.jpg
373,373,https://storage.googleapis.com/tenan-bucket/hotel_images/Hotel%20Ciputra%20World%20Surabaya%20managed%20by%20Swiss-Belhotel%20International.jpg
374,374,https://storage.googleapis.com/tenan-bucket/hotel_images/Primebiz%20Hotel%20Surabaya.jpg
375,375,https://storage.googleapis.com/tenan-bucket/hotel_images/The%20Life%20Styles%20Hotel%20Surabaya.jpg
376,376,https://storage.googleapis.com/tenan-bucket/hotel_images/Grand%20Dafam%20Signature%20Surabaya.jpg
377,377,https://storage.googleapis.com/tenan-bucket/hotel_images/Swiss-Belinn%20Airport%20Surabaya.jpg
378,378,https://storage.googleapis.com/tenan-bucket/hotel_images/Holiday%20Inn%20Express%20SURABAYA%20CENTERPOINT.jpg
379,379,https://storage.googleapis.com/tenan-bucket/hotel_images/Bekizaar%20Hotel%20Surabaya.jpg
380,380,https://storage.googleapis.com/tenan-bucket/hotel_images/Royal%20Tulip%20Darmo%20Surabaya.jpg
381,381,https://storage.googleapis.com/tenan-bucket/hotel_images/Alimar%20Premier%20Hotel.jpg
382,382,https://storage.googleapis.com/tenan-bucket/hotel_images/Hotel%20Aria%20Centra%20Surabaya.jpg
383,383,https://storage.googleapis.com/tenan-bucket/hotel_images/Swiss-Belinn%20Manyar%20Surabaya.jpg
384,384,https://storage.googleapis.com/tenan-bucket/hotel_images/Surabaya%20Suites%20Hotel%20Powered%20by%20Archipelago.jpg
385,385,https://storage.googleapis.com/tenan-bucket/hotel_images/HARRIS%20Hotel%20%26%20Conventions%20Bundaran%20Satelit%20Surabaya.jpg
386,386,https://storage.googleapis.com/tenan-bucket/hotel_images/Neo%2B%20Waru%20Sidoarjo%20by%20ASTON.jpg
387,387,https://storage.googleapis.com/tenan-bucket/hotel_images/Hotel%20Gunawangsa%20MERR.jpg
388,388,https://storage.googleapis.com/tenan-bucket/hotel_images/ibis%20Budget%20Surabaya%20Airport.jpg
389,389,https://storage.googleapis.com/tenan-bucket/hotel_images/POP%21%20Hotel%20Stasiun%20Kota%20Surabaya.jpg
390,390,https://storage.googleapis.com/tenan-bucket/hotel_images/POP%21%20Hotel%20Diponegoro%20Surabaya.jpg
391,391,https://storage.googleapis.com/tenan-bucket/hotel_images/Zest%20Hotel%20Jemursari.jpg
392,392,https://storage.googleapis.com/tenan-bucket/hotel_images/Hotel%2088%20Embong%20Malang.jpg
393,393,https://storage.googleapis.com/tenan-bucket/hotel_images/Hotel%2088%20Embong%20Kenongo%20%28Kayoon%29.jpg
394,394,https://storage.googleapis.com/tenan-bucket/hotel_images/Prime%20Royal%20Boutique%20Hotel%20Surabaya.jpg
395,395,https://storage.googleapis.com/tenan-bucket/hotel_images/Hotel%2088%20Kedungsari%20%28Kedungdoro%29.jpg
396,396,https://storage.googleapis.com/tenan-bucket/hotel_images/Amaris%20Hotel%20Embong%20Malang.jpg
397,397,https://storage.googleapis.com/tenan-bucket/hotel_images/The%20Life%20Hotels%20Surabaya%20City%20Center.jpg
398,398,https://storage.googleapis.com/tenan-bucket/hotel_images/Amaris%20Hotel%20Margorejo%20Surabaya.jpg
399,399,https://storage.googleapis.com/tenan-bucket/hotel_images/Goldvitel%20Hotel%20Surabaya.jpg
400,400,https://storage.googleapis.com/tenan-bucket/hotel_images/ZOOM%20Dharmahusada%20Hotel.jpg
401,401,https://storage.googleapis.com/tenan-bucket/hotel_images/Amaris%20Hotel%20Darmo%20-%20Surabaya.jpg
402,402,https://storage.googleapis.com/tenan-bucket/hotel_images/Grand%20Inna%20Tunjungan.jpg
403,403,https://storage.googleapis.com/tenan-bucket/hotel_images/Hotel%20Dafam%20Pacific%20Caesar%20Surabaya.jpg
404,404,https://storage.googleapis.com/tenan-bucket/hotel_images/Sumi%20Hotel%20Surabaya.jpg
405,405,https://storage.googleapis.com/tenan-bucket/hotel_images/MaxOneHotels.com%20%40%20Dharmahusada%20-%20Surabaya.jpg
406,406,https://storage.googleapis.com/tenan-bucket/hotel_images/Yello%20Hotel%20Jemursari.jpg
407,407,https://storage.googleapis.com/tenan-bucket/hotel_images/D%27Carol%20Hotel%20Surabaya.jpg
408,408,https://storage.googleapis.com/tenan-bucket/hotel_images/Life%20Hotel%20Sudirman%20Surabaya.jpg
409,409,https://storage.googleapis.com/tenan-bucket/hotel_images/Novotel%20Surabaya%20Hotel%20%26amp%3B%20Suites.jpg
410,410,https://storage.googleapis.com/tenan-bucket/hotel_images/La%20Lisa%20Hotel%20Surabaya.jpg
411,411,https://storage.googleapis.com/tenan-bucket/hotel_images/BATIQA%20Hotel%20Darmo%20-%20Surabaya.jpg
412,412,https://storage.googleapis.com/tenan-bucket/hotel_images/Halogen%20Hotel%20Airport%20Surabaya.jpg
413,413,https://storage.googleapis.com/tenan-bucket/hotel_images/Arimbi%20Pejaten%20Suites.jpg
414,414,https://storage.googleapis.com/tenan-bucket/hotel_images/The%20St.%20Regis%20Jakarta.jpg
415,415,https://storage.googleapis.com/tenan-bucket/hotel_images/Ashley%20Tang%20Menteng.jpg
416,416,https://storage.googleapis.com/tenan-bucket/hotel_images/Hariston%20Hotel%20%26%20Suites.jpg
417,417,https://storage.googleapis.com/tenan-bucket/hotel_images/Ashley%20Tanah%20Abang.jpg
418,418,https://storage.googleapis.com/tenan-bucket/hotel_images/Aloft%20Jakarta%20Wahid%20Hasyim.jpg
419,419,https://storage.googleapis.com/tenan-bucket/hotel_images/Mandarin%20Oriental%20Jakarta.jpg
420,420,https://storage.googleapis.com/tenan-bucket/hotel_images/Swiss-Belinn%20Kemayoran.jpg
421,421,https://storage.googleapis.com/tenan-bucket/hotel_images/Grand%20Tjokro%20Jakarta.jpg
422,422,https://storage.googleapis.com/tenan-bucket/hotel_images/Easton%20Park%20Apartment%20Jatinangor%20by%20Diajeng.jpg
423,423,https://storage.googleapis.com/tenan-bucket/hotel_images/Dago%20Heuvel%20Resort%20and%20Villa.jpg
424,424,https://storage.googleapis.com/tenan-bucket/hotel_images/Swiss-Belresort%20Dago%20Heritage%20Bandung.jpg
425,425,https://storage.googleapis.com/tenan-bucket/hotel_images/Grandia%20Hotel%20Bandung.jpg
426,426,https://storage.googleapis.com/tenan-bucket/hotel_images/V%20Hotel%20%26%20Residence.jpg
427,427,https://storage.googleapis.com/tenan-bucket/hotel_images/d%27primahotel%20Bandung.jpg
428,428,https://storage.googleapis.com/tenan-bucket/hotel_images/Hotel%20Dafam%20Rio.jpg
429,429,https://storage.googleapis.com/tenan-bucket/hotel_images/Saka%20Hotel%20Medan.jpg
430,430,https://storage.googleapis.com/tenan-bucket/hotel_images/OYO%20873%20Kamani%20Homestay%20Syariah.jpg
431,431,https://storage.googleapis.com/tenan-bucket/hotel_images/Arabia%20Hotel.jpg
432,432,https://storage.googleapis.com/tenan-bucket/hotel_images/Ayani%20Hotel%20Banda%20Aceh.jpg
433,433,https://storage.googleapis.com/tenan-bucket/hotel_images/MyHome%20Hotel%20Aceh.jpg
434,434,https://storage.googleapis.com/tenan-bucket/hotel_images/HW%20Hotel%20Padang.jpg
435,435,https://storage.googleapis.com/tenan-bucket/hotel_images/OYO%203092%20Falah%20Residence%20Syariah.jpg
436,436,https://storage.googleapis.com/tenan-bucket/hotel_images/Hotel%20Savali.jpg
437,437,https://storage.googleapis.com/tenan-bucket/hotel_images/UNP%20Hotel%20%26%20Convention%20Center.jpg
438,438,https://storage.googleapis.com/tenan-bucket/hotel_images/OYO%204010%20Zaara%20Guest%20House%20Syariah.jpg
439,439,https://storage.googleapis.com/tenan-bucket/hotel_images/Palanta%20Roemah%20Kajoe%20Syariah.jpg
440,440,https://storage.googleapis.com/tenan-bucket/hotel_images/Fafan%20Budget%20Hotel%20Syariah.jpg
441,441,https://storage.googleapis.com/tenan-bucket/hotel_images/OYO%20236%20Penginapan%20Rumah%20Hijau.jpg
442,442,https://storage.googleapis.com/tenan-bucket/hotel_images/Bina%20Darma%20Hotel%20Palembang.jpg
443,443,https://storage.googleapis.com/tenan-bucket/hotel_images/Radial%20Mas.jpg
444,444,https://storage.googleapis.com/tenan-bucket/hotel_images/THE%201O1%20Bogor%20Suryakancana.jpg
445,445,https://storage.googleapis.com/tenan-bucket/hotel_images/Swiss-Belcourt%20Bogor.jpg
446,446,https://storage.googleapis.com/tenan-bucket/hotel_images/The%20Highland%20Park%20Resort%20Bogor.jpg
447,447,https://storage.googleapis.com/tenan-bucket/hotel_images/Izi%20Hotel.jpg
448,448,https://storage.googleapis.com/tenan-bucket/hotel_images/Lido%20Lake%20Resort%20by%20MNC%20Hotel.jpg
449,449,https://storage.googleapis.com/tenan-bucket/hotel_images/Royal%20Hotel%20Bogor.jpg
450,450,https://storage.googleapis.com/tenan-bucket/hotel_images/Hotel%20Permata%20Bogor.jpg
451,451,https://storage.googleapis.com/tenan-bucket/hotel_images/CICO%20Resort%20%28Cottage%20%26%20Convention%29.jpg
452,452,https://storage.googleapis.com/tenan-bucket/hotel_images/Polaz%20%20Bed%20%26%20Brew.jpg
453,453,https://storage.googleapis.com/tenan-bucket/hotel_images/Metro%20Park%20View%20Hotel.jpg
454,454,https://storage.googleapis.com/tenan-bucket/hotel_images/Wimarion%20Hotel%20Semarang.jpg
455,455,https://storage.googleapis.com/tenan-bucket/hotel_images/Hotel%20Dafam%20Semarang.jpg
456,456,https://storage.googleapis.com/tenan-bucket/hotel_images/Grand%20Panorama%20Hotel.jpg
457,457,https://storage.googleapis.com/tenan-bucket/hotel_images/Terra%20Cassa%20Hotel.jpg
458,458,https://storage.googleapis.com/tenan-bucket/hotel_images/PORTA%20by%20The%20Ambarrukmo.jpg
459,459,https://storage.googleapis.com/tenan-bucket/hotel_images/KIMAYA%20Sudirman%20Yogyakarta%2C%20By%20HARRIS.jpg
460,460,https://storage.googleapis.com/tenan-bucket/hotel_images/Sahid%20Raya%20Hotel%20%26%20Convention%20Yogyakarta.jpg
461,461,https://storage.googleapis.com/tenan-bucket/hotel_images/Greenhost%20Boutique%20Hotel.jpg
462,462,https://storage.googleapis.com/tenan-bucket/hotel_images/Bohemian%20Jogja%20Villas%20With%20Private%20Pool.jpg
463,463,https://storage.googleapis.com/tenan-bucket/hotel_images/Horison%20Ultima%20Riss%20Malioboro%20Yogyakarta.jpg
464,464,https://storage.googleapis.com/tenan-bucket/hotel_images/%40HOM%20Premiere%20Timoho.jpg
465,465,https://storage.googleapis.com/tenan-bucket/hotel_images/favehotel%20Malioboro%20-%20Yogyakarta.jpg
466,466,https://storage.googleapis.com/tenan-bucket/hotel_images/Grand%20Amira%20Hotel%20Solo%20by%20Azana.jpg
467,467,https://storage.googleapis.com/tenan-bucket/hotel_images/Mandala%20Wisata%20Hotel.jpg
468,468,https://storage.googleapis.com/tenan-bucket/hotel_images/Kusuma%20Sahid%20Prince%20Hotel.jpg
469,469,https://storage.googleapis.com/tenan-bucket/hotel_images/Best%20Western%20Papilio%20Hotel.jpg
470,470,https://storage.googleapis.com/tenan-bucket/hotel_images/MIRA%20inn%20Kayoon%20Surabaya%20City%20Center.jpg
471,471,https://storage.googleapis.com/tenan-bucket/hotel_images/Hotel%20Majapahit%20Surabaya%20-%20MGallery.jpg
